state,district,AFI,friction_type
Andaman & Nicobar Islands,Andamans,28.38715699802638,Low Friction
Andaman & Nicobar Islands,Nicobars,5.481666160603195,Low Friction
Andaman & Nicobar Islands,South Andaman,22.409960676337473,Low Friction
Andaman And Nicobar Islands,Nicobar,31.250961096787837,Low Friction
Andaman And Nicobar Islands,North And Middle Andaman,30.354010342487804,Low Friction
Andaman And Nicobar Islands,South Andaman,28.028894523015882,Low Friction
Andhra Pradesh,Adilabad,24.85098703255847,Low Friction
Andhra Pradesh,Alluri Sitharama Raju,22.8983090647068,Low Friction
Andhra Pradesh,Anakapalli,16.73717400803072,Low Friction
Andhra Pradesh,Anantapur,19.98077228566394,Low Friction
Andhra Pradesh,Ananthapur,22.52452970844947,Low Friction
Andhra Pradesh,Ananthapuramu,22.54940244791872,Low Friction
Andhra Pradesh,Annamayya,15.150549815699092,Low Friction
Andhra Pradesh,Bapatla,14.609790453395963,Low Friction
Andhra Pradesh,Chittoor,20.741899689047123,Low Friction
Andhra Pradesh,Cuddapah,21.3346870181497,Low Friction
Andhra Pradesh,Dr. B. R. Ambedkar Konaseema,15.669141343921025,Low Friction
Andhra Pradesh,East Godavari,22.18099484346916,Low Friction
Andhra Pradesh,Eluru,16.668500214055662,Low Friction
Andhra Pradesh,Guntur,21.14454676952306,Low Friction
Andhra Pradesh,Hyderabad,26.1547002492584,Low Friction
Andhra Pradesh,K.V. Rangareddy,30.77317977741446,Low Friction
Andhra Pradesh,K.V.Rangareddy,23.963697073192243,Low Friction
Andhra Pradesh,Kakinada,14.7332708246031,Low Friction
Andhra Pradesh,Karim Nagar,23.911676499549287,Low Friction
Andhra Pradesh,Karimnagar,24.772906921828927,Low Friction
Andhra Pradesh,Khammam,20.889648869010728,Low Friction
Andhra Pradesh,Krishna,23.079940144191742,Low Friction
Andhra Pradesh,Kurnool,23.729451405439594,Low Friction
Andhra Pradesh,Mahabub Nagar,23.52567197508767,Low Friction
Andhra Pradesh,Mahabubnagar,14.757814003134719,Low Friction
Andhra Pradesh,Mahbubnagar,24.629577494231295,Low Friction
Andhra Pradesh,Medak,26.17684536480326,Low Friction
Andhra Pradesh,N. T. R,15.831897683216786,Low Friction
Andhra Pradesh,Nalgonda,23.31814638288716,Low Friction
Andhra Pradesh,Nandyal,17.030628247682056,Low Friction
Andhra Pradesh,Nellore,22.438987234013346,Low Friction
Andhra Pradesh,Nizamabad,26.23319711078584,Low Friction
Andhra Pradesh,Palnadu,16.193611644983047,Low Friction
Andhra Pradesh,Parvathipuram Manyam,20.355742161626093,Low Friction
Andhra Pradesh,Prakasam,20.701108756081894,Low Friction
Andhra Pradesh,Rangareddi,26.162851860658524,Low Friction
Andhra Pradesh,Spsr Nellore,5.481666160603195,Low Friction
Andhra Pradesh,Sri Potti Sriramulu Nellore,15.013709933092237,Low Friction
Andhra Pradesh,Sri Sathya Sai,15.169092860124229,Low Friction
Andhra Pradesh,Srikakulam,21.57303048831858,Low Friction
Andhra Pradesh,Tirupati,14.945627048723319,Low Friction
Andhra Pradesh,Visakhapatanam,5.481666160603195,Low Friction
Andhra Pradesh,Visakhapatnam,25.908557220831526,Low Friction
Andhra Pradesh,Vizianagaram,23.62461372441497,Low Friction
Andhra Pradesh,Warangal,25.724421082507032,Low Friction
Andhra Pradesh,West Godavari,22.481563300089096,Low Friction
Andhra Pradesh,Y. S. R,14.982600093535236,Low Friction
Arunachal Pradesh,Anjaw,29.058299106175905,Low Friction
Arunachal Pradesh,Changlang,24.731481916570754,Low Friction
Arunachal Pradesh,Dibang Valley,16.436753686631317,Low Friction
Arunachal Pradesh,East Kameng,25.85732777019739,Low Friction
Arunachal Pradesh,East Siang,24.101780159431758,Low Friction
Arunachal Pradesh,Kamle,21.63179764995132,Low Friction
Arunachal Pradesh,Kra Daadi,30.9784369454415,Low Friction
Arunachal Pradesh,Kurung Kumey,31.12543583456517,Low Friction
Arunachal Pradesh,Leparada,5.481666160603195,Low Friction
Arunachal Pradesh,Lohit,23.706293779663028,Low Friction
Arunachal Pradesh,Longding,23.37399914089472,Low Friction
Arunachal Pradesh,Lower Dibang Valley,25.172519185040738,Low Friction
Arunachal Pradesh,Lower Siang,15.54176673504443,Low Friction
Arunachal Pradesh,Lower Subansiri,26.594244535374948,Low Friction
Arunachal Pradesh,Namsai,23.820546682414587,Low Friction
Arunachal Pradesh,Pakke Kessang,22.36609841858715,Low Friction
Arunachal Pradesh,Papum Pare,26.89982784372411,Low Friction
Arunachal Pradesh,Shi-Yomi,14.4149522863472,Low Friction
Arunachal Pradesh,Siang,22.464072264358155,Low Friction
Arunachal Pradesh,Tawang,23.338875437847,Low Friction
Arunachal Pradesh,Tirap,22.055855755626816,Low Friction
Arunachal Pradesh,Upper Siang,22.264945304747506,Low Friction
Arunachal Pradesh,Upper Subansiri,25.01600844341698,Low Friction
Arunachal Pradesh,West Kameng,28.834160715524387,Low Friction
Arunachal Pradesh,West Siang,23.48034676122028,Low Friction
Assam,Bajali,8.752556247743579,Low Friction
Assam,Baksa,19.641290774259424,Low Friction
Assam,Barpeta,23.86269886513581,Low Friction
Assam,Biswanath,20.27614800918167,Low Friction
Assam,Bongaigaon,23.848891630419033,Low Friction
Assam,Cachar,23.934265499190737,Low Friction
Assam,Charaideo,23.13436178058233,Low Friction
Assam,Chirang,20.854559344103322,Low Friction
Assam,Darrang,20.06826346697741,Low Friction
Assam,Dhemaji,23.82655300362528,Low Friction
Assam,Dhubri,18.940111175885765,Low Friction
Assam,Dibrugarh,22.07804886363331,Low Friction
Assam,Dima Hasao,6.923133283073592,Low Friction
Assam,Goalpara,19.736449511414705,Low Friction
Assam,Golaghat,20.01247190990907,Low Friction
Assam,Hailakandi,20.799989225106927,Low Friction
Assam,Hojai,22.00346684106591,Low Friction
Assam,Jorhat,20.429754128780697,Low Friction
Assam,Kamrup,21.790874710417338,Low Friction
Assam,Kamrup Metro,21.62974750245386,Low Friction
Assam,Karbi Anglong,22.10238163455273,Low Friction
Assam,Karimganj,19.46849134517815,Low Friction
Assam,Kokrajhar,20.292393451734046,Low Friction
Assam,Lakhimpur,22.078978079586616,Low Friction
Assam,Majuli,23.935277186229687,Low Friction
Assam,Marigaon,22.129215028363458,Low Friction
Assam,Nagaon,22.173456146387025,Low Friction
Assam,Nalbari,23.441705811288802,Low Friction
Assam,North Cachar Hills,23.86739183172116,Low Friction
Assam,Sibsagar,20.191159140061806,Low Friction
Assam,Sivasagar,5.481666160603195,Low Friction
Assam,Sonitpur,18.968322465000046,Low Friction
Assam,South Salmara Mankachar,15.436913617211344,Low Friction
Assam,Sribhumi,9.05176279474549,Low Friction
Assam,Tamulpur District,8.099951042279091,Low Friction
Assam,Tinsukia,17.74669102755072,Low Friction
Assam,Udalguri,20.744989893181614,Low Friction
Assam,West Karbi Anglong,25.7715586432044,Low Friction
Bihar,Araria,18.365883373355953,Low Friction
Bihar,Arwal,19.837790795862215,Low Friction
Bihar,Aurangabad,18.751381463283522,Low Friction
Bihar,Aurangabad(Bh),12.229278415429755,Low Friction
Bihar,Banka,16.958560246048503,Low Friction
Bihar,Begusarai,19.181306069042854,Low Friction
Bihar,Bhabua,11.849369086954313,Low Friction
Bihar,Bhagalpur,19.644520689009035,Low Friction
Bihar,Bhojpur,14.852416521377718,Low Friction
Bihar,Buxar,16.950862630688956,Low Friction
Bihar,Darbhanga,20.651821928885678,Low Friction
Bihar,East Champaran,18.014882421699703,Low Friction
Bihar,Gaya,17.7021575183134,Low Friction
Bihar,Gopalganj,18.872710897786085,Low Friction
Bihar,Jamui,19.24099880751203,Low Friction
Bihar,Jehanabad,17.190439704390155,Low Friction
Bihar,Kaimur (Bhabua),19.465241385964188,Low Friction
Bihar,Katihar,19.575006529818175,Low Friction
Bihar,Khagaria,18.406766514458,Low Friction
Bihar,Kishanganj,18.153314336397365,Low Friction
Bihar,Lakhisarai,17.772476052936867,Low Friction
Bihar,Madhepura,19.723254260167604,Low Friction
Bihar,Madhubani,19.195876111118622,Low Friction
Bihar,Monghyr,20.64819686111441,Low Friction
Bihar,Munger,18.590223227844508,Low Friction
Bihar,Muzaffarpur,18.701142368762955,Low Friction
Bihar,Nalanda,15.727604170063943,Low Friction
Bihar,Nawada,18.683618474353928,Low Friction
Bihar,Pashchim Champaran,16.09917112107382,Low Friction
Bihar,Patna,17.97526914658422,Low Friction
Bihar,Purba Champaran,13.150996604440252,Low Friction
Bihar,Purbi Champaran,5.4816661606031944,Low Friction
Bihar,Purnea,25.576688531073476,Low Friction
Bihar,Purnia,21.452931579048872,Low Friction
Bihar,Rohtas,17.501526907260278,Low Friction
Bihar,Saharsa,21.98450007075678,Low Friction
Bihar,Samastipur,18.675153610532035,Low Friction
Bihar,Samstipur,18.175922310544745,Low Friction
Bihar,Saran,18.09693257607503,Low Friction
Bihar,Sheikhpura,23.059265078186044,Low Friction
Bihar,Sheikpura,20.418573309978015,Low Friction
Bihar,Sheohar,20.016501331129675,Low Friction
Bihar,Sitamarhi,19.70952464651164,Low Friction
Bihar,Siwan,19.060255445595708,Low Friction
Bihar,Supaul,18.90097390654818,Low Friction
Bihar,Vaishali,20.28844892036324,Low Friction
Bihar,West Champaran,16.0520772691703,Low Friction
Chandigarh,Chandigarh,23.462538820840287,Low Friction
Chandigarh,Rupnagar,16.596287142837696,Low Friction
Chhattisgarh,Balod,24.656458827436783,Low Friction
Chhattisgarh,Baloda Bazar,20.21415292768432,Low Friction
Chhattisgarh,Balrampur,22.21970162049092,Low Friction
Chhattisgarh,Bastar,24.004106404529633,Low Friction
Chhattisgarh,Bemetara,25.42609824848876,Low Friction
Chhattisgarh,Bijapur,28.216403909830067,Low Friction
Chhattisgarh,Bilaspur,23.145817882638212,Low Friction
Chhattisgarh,Dakshin Bastar Dantewada,31.122830084426948,Low Friction
Chhattisgarh,Dantewada,33.37275573333594,Low Friction
Chhattisgarh,Dhamtari,25.229489223893044,Low Friction
Chhattisgarh,Durg,25.581503551404175,Low Friction
Chhattisgarh,Gariyaband,24.58840458581474,Low Friction
Chhattisgarh,Gaurela-Pendra-Marwahi,21.90900964299341,Low Friction
Chhattisgarh,Gaurella Pendra Marwahi,5.481666160603195,Low Friction
Chhattisgarh,Janjgir - Champa,17.743844902666,Low Friction
Chhattisgarh,Janjgir Champa,18.068144180186575,Low Friction
Chhattisgarh,Janjgir-Champa,24.591931952484693,Low Friction
Chhattisgarh,Jashpur,20.559600646843666,Low Friction
Chhattisgarh,Kabeerdham,24.10384229379431,Low Friction
Chhattisgarh,Kanker,25.781307964787363,Low Friction
Chhattisgarh,Kawardha,22.38517494458849,Low Friction
Chhattisgarh,Khairagarh Chhuikhadan Gandai,14.417161140331354,Low Friction
Chhattisgarh,Kondagaon,24.350925645544407,Low Friction
Chhattisgarh,Korba,26.339958569133216,Low Friction
Chhattisgarh,Koriya,25.932577230011518,Low Friction
Chhattisgarh,Mahasamund,22.493648320022178,Low Friction
Chhattisgarh,Manendragarh–Chirmiri–Bharatpur,14.050474454308079,Low Friction
Chhattisgarh,Mohalla-Manpur-Ambagarh Chowki,5.481666160603195,Low Friction
Chhattisgarh,Mohla-Manpur-Ambagarh Chouki,16.776544692850038,Low Friction
Chhattisgarh,Mungeli,24.980257394368667,Low Friction
Chhattisgarh,Narayanpur,31.63441018390476,Low Friction
Chhattisgarh,Raigarh,30.01756795515376,Low Friction
Chhattisgarh,Raipur,26.211750364332545,Low Friction
Chhattisgarh,Rajnandgaon,24.763342478552616,Low Friction
Chhattisgarh,Sakti,16.32890892449596,Low Friction
Chhattisgarh,Sarangarh-Bilaigarh,12.230597050460954,Low Friction
Chhattisgarh,Sukma,24.935097674962943,Low Friction
Chhattisgarh,Surajpur,22.3392090953795,Low Friction
Chhattisgarh,Surguja,19.955533009381433,Low Friction
Chhattisgarh,Uttar Bastar Kanker,23.617876165672246,Low Friction
Dadra & Nagar Haveli,Dadra & Nagar Haveli,25.688407409937405,Low Friction
Dadra And Nagar Haveli,Dadra And Nagar Haveli,30.763357575199077,Low Friction
Dadra And Nagar Haveli And Daman And Diu,Dadra And Nagar Haveli,23.063674149689096,Low Friction
Dadra And Nagar Haveli And Daman And Diu,Daman,15.349914229781064,Low Friction
Dadra And Nagar Haveli And Daman And Diu,Diu,9.749462953621158,Low Friction
Daman & Diu,Daman,27.87473640376626,Low Friction
Daman & Diu,Diu,21.5826762365792,Low Friction
Daman And Diu,Daman,31.47705395012059,Low Friction
Daman And Diu,Diu,22.111690407964325,Low Friction
Delhi,Central Delhi,25.568080082908907,Low Friction
Delhi,East Delhi,26.588057732788815,Low Friction
Delhi,Najafgarh,23.872454035916014,Low Friction
Delhi,New Delhi,27.183221413005437,Low Friction
Delhi,North Delhi,25.954223100086036,Low Friction
Delhi,North East,30.058111784976372,Low Friction
Delhi,North East   *,5.481666160603195,Low Friction
Delhi,North East Delhi,26.707874156350353,Low Friction
Delhi,North West Delhi,26.03909018150108,Low Friction
Delhi,Shahdara,16.273080221482026,Low Friction
Delhi,South Delhi,25.754791559119358,Low Friction
Delhi,South East Delhi,14.762520841185404,Low Friction
Delhi,South West Delhi,24.128754331137007,Low Friction
Delhi,West Delhi,24.99062639800605,Low Friction
Goa,Bardez,17.71117161010478,Low Friction
Goa,North Goa,24.035972912977623,Low Friction
Goa,South Goa,23.267951418681378,Low Friction
Gujarat,Ahmadabad,25.292786521926715,Low Friction
Gujarat,Ahmedabad,24.099694855348446,Low Friction
Gujarat,Amreli,26.21338211032484,Low Friction
Gujarat,Anand,26.9644286917232,Low Friction
Gujarat,Arvalli,28.60697482228544,Low Friction
Gujarat,Banas Kantha,26.234528226798716,Low Friction
Gujarat,Banaskantha,25.703708807638453,Low Friction
Gujarat,Bharuch,23.31398602807627,Low Friction
Gujarat,Bhavnagar,25.661797970274524,Low Friction
Gujarat,Botad,26.636485560766257,Low Friction
Gujarat,Chhotaudepur,27.410178478034194,Low Friction
Gujarat,Dahod,27.716263505720562,Low Friction
Gujarat,Dang,5.481666160603195,Low Friction
Gujarat,Devbhumi Dwarka,28.512484296528783,Low Friction
Gujarat,Dohad,25.106995872203616,Low Friction
Gujarat,Gandhinagar,22.46971209663547,Low Friction
Gujarat,Gir Somnath,26.8873233936514,Low Friction
Gujarat,Jamnagar,23.615402438022457,Low Friction
Gujarat,Junagadh,26.45453749466002,Low Friction
Gujarat,Kachchh,23.297322896738375,Low Friction
Gujarat,Kheda,25.05683405634692,Low Friction
Gujarat,Mahesana,24.601271932222268,Low Friction
Gujarat,Mahisagar,27.844352543539568,Low Friction
Gujarat,Morbi,25.103047390298844,Low Friction
Gujarat,Narmada,28.188790180731857,Low Friction
Gujarat,Navsari,23.171057478145357,Low Friction
Gujarat,Panch Mahals,21.33248906880815,Low Friction
Gujarat,Panchmahals,26.979211755244293,Low Friction
Gujarat,Patan,24.811227002904364,Low Friction
Gujarat,Porbandar,23.352649532038118,Low Friction
Gujarat,Rajkot,21.583059701147793,Low Friction
Gujarat,Sabar Kantha,23.391911935787697,Low Friction
Gujarat,Sabarkantha,24.511496526208706,Low Friction
Gujarat,Surat,20.370966892024594,Low Friction
Gujarat,Surendra Nagar,26.437918417558688,Low Friction
Gujarat,Surendranagar,22.895482532152553,Low Friction
Gujarat,Tapi,27.580459942730347,Low Friction
Gujarat,The Dangs,29.37625152967554,Low Friction
Gujarat,Vadodara,23.65382097959603,Low Friction
Gujarat,Valsad,24.486342825966595,Low Friction
Haryana,Ambala,26.346395365005037,Low Friction
Haryana,Bhiwani,26.596085570215628,Low Friction
Haryana,Charkhi Dadri,19.777505416476593,Low Friction
Haryana,Faridabad,22.783339750853884,Low Friction
Haryana,Fatehabad,27.102263056333328,Low Friction
Haryana,Gurgaon,20.987246557597647,Low Friction
Haryana,Gurugram,5.481666160603195,Low Friction
Haryana,Hisar,27.444016007370344,Low Friction
Haryana,Jhajjar,26.32741992551391,Low Friction
Haryana,Jhajjar *,5.481666160603195,Low Friction
Haryana,Jind,28.704796864718283,Low Friction
Haryana,Kaithal,29.21959561776605,Low Friction
Haryana,Karnal,27.880307219923,Low Friction
Haryana,Kurukshetra,27.561317118494987,Low Friction
Haryana,Mahendragarh,26.31965055617566,Low Friction
Haryana,Mewat,28.116358146739046,Low Friction
Haryana,Nuh,5.481666160603195,Low Friction
Haryana,Palwal,22.916357621723094,Low Friction
Haryana,Panchkula,24.854695726373798,Low Friction
Haryana,Panipat,26.464748135860848,Low Friction
Haryana,Rewari,24.564000424200064,Low Friction
Haryana,Rohtak,31.00877665613052,Low Friction
Haryana,Sirsa,26.528887611776785,Low Friction
Haryana,Sonipat,24.869452845105254,Low Friction
Haryana,Yamuna Nagar,28.230400991749466,Low Friction
Haryana,Yamunanagar,20.201852875112724,Low Friction
Himachal Pradesh,Bilaspur,26.879215085966027,Low Friction
Himachal Pradesh,Chamba,18.85454991286125,Low Friction
Himachal Pradesh,Hamirpur,25.648921910107205,Low Friction
Himachal Pradesh,Kangra,23.61651120769056,Low Friction
Himachal Pradesh,Kinnaur,21.08722735179882,Low Friction
Himachal Pradesh,Kullu,20.433853250634783,Low Friction
Himachal Pradesh,Lahaul And Spiti,16.59999298741015,Low Friction
Himachal Pradesh,Lahul & Spiti,24.074676277136437,Low Friction
Himachal Pradesh,Lahul And Spiti,15.516381663514805,Low Friction
Himachal Pradesh,Mandi,27.04170792051197,Low Friction
Himachal Pradesh,Shimla,23.10294453863159,Low Friction
Himachal Pradesh,Sirmaur,26.521078074784903,Low Friction
Himachal Pradesh,Solan,24.978014537974843,Low Friction
Himachal Pradesh,Una,25.44949129119639,Low Friction
Jammu & Kashmir,Anantnag,8.844777432864493,Low Friction
Jammu & Kashmir,Bandipur,5.481666160603195,Low Friction
Jammu & Kashmir,Baramula,24.090873366696286,Low Friction
Jammu & Kashmir,Jammu,21.123153558366873,Low Friction
Jammu & Kashmir,Kargil,5.481666160603195,Low Friction
Jammu & Kashmir,Kathua,7.733416714049918,Low Friction
Jammu & Kashmir,Kupwara,7.723163877399456,Low Friction
Jammu & Kashmir,Leh (Ladakh),21.03235466294715,Low Friction
Jammu & Kashmir,Pulwama,5.481666160603195,Low Friction
Jammu & Kashmir,Srinagar,5.481666160603195,Low Friction
Jammu & Kashmir,Udhampur,21.029884099898847,Low Friction
Jammu And Kashmir,Anantnag,20.860193635598332,Low Friction
Jammu And Kashmir,Badgam,22.41892613617456,Low Friction
Jammu And Kashmir,Bandipore,22.40386775785603,Low Friction
Jammu And Kashmir,Baramula,22.509201770614297,Low Friction
Jammu And Kashmir,Budgam,26.850833301999415,Low Friction
Jammu And Kashmir,Doda,22.92651189931376,Low Friction
Jammu And Kashmir,Ganderbal,22.746840069031432,Low Friction
Jammu And Kashmir,Jammu,24.793380095731735,Low Friction
Jammu And Kashmir,Kargil,20.432196590568953,Low Friction
Jammu And Kashmir,Kathua,23.988403624617106,Low Friction
Jammu And Kashmir,Kishtwar,28.552371679665097,Low Friction
Jammu And Kashmir,Kulgam,27.467274197756346,Low Friction
Jammu And Kashmir,Kupwara,24.76305697134285,Low Friction
Jammu And Kashmir,Leh,23.305095532352805,Low Friction
Jammu And Kashmir,Pulwama,19.363684710527604,Low Friction
Jammu And Kashmir,Punch,28.08321023827055,Low Friction
Jammu And Kashmir,Rajouri,25.55712410063141,Low Friction
Jammu And Kashmir,Ramban,25.942707926760466,Low Friction
Jammu And Kashmir,Reasi,27.441555343440253,Low Friction
Jammu And Kashmir,Samba,24.373217821388515,Low Friction
Jammu And Kashmir,Shopian,5.481666160603195,Low Friction
Jammu And Kashmir,Shupiyan,25.918921797256896,Low Friction
Jammu And Kashmir,Srinagar,24.69473640600241,Low Friction
Jammu And Kashmir,Udhampur,24.761657671748853,Low Friction
Jharkhand,Bokaro,22.370830872206056,Low Friction
Jharkhand,Bokaro *,5.481666160603195,Low Friction
Jharkhand,Chatra,24.24795497790602,Low Friction
Jharkhand,Deoghar,19.328598101816397,Low Friction
Jharkhand,Dhanbad,23.615990983481847,Low Friction
Jharkhand,Dumka,19.952150393256545,Low Friction
Jharkhand,East Singhbhum,24.663494362131264,Low Friction
Jharkhand,East Singhbum,5.481666160603195,Low Friction
Jharkhand,Garhwa,23.926063075110303,Low Friction
Jharkhand,Garhwa *,26.674015336005862,Low Friction
Jharkhand,Giridih,19.88020211761563,Low Friction
Jharkhand,Godda,19.812247978470786,Low Friction
Jharkhand,Gumla,22.30907049657198,Low Friction
Jharkhand,Hazaribag,20.82473958927886,Low Friction
Jharkhand,Hazaribagh,21.528366280730793,Low Friction
Jharkhand,Jamtara,22.767288588773674,Low Friction
Jharkhand,Khunti,25.107479242290008,Low Friction
Jharkhand,Kodarma,22.169310395667992,Low Friction
Jharkhand,Koderma,22.864634658958035,Low Friction
Jharkhand,Latehar,21.169032503449657,Low Friction
Jharkhand,Lohardaga,25.600206574410485,Low Friction
Jharkhand,Pakaur,21.074506606232315,Low Friction
Jharkhand,Pakur,19.576145265764417,Low Friction
Jharkhand,Palamau,22.61872869455483,Low Friction
Jharkhand,Palamu,19.480356006250332,Low Friction
Jharkhand,Pashchimi Singhbhum,24.927977198415988,Low Friction
Jharkhand,Purbi Singhbhum,27.794622381795815,Low Friction
Jharkhand,Ramgarh,20.324818054714438,Low Friction
Jharkhand,Ranchi,24.179347875532986,Low Friction
Jharkhand,Sahebganj,17.451516937646442,Low Friction
Jharkhand,Sahibganj,18.329483730224034,Low Friction
Jharkhand,Seraikela-Kharsawan,23.223258398283324,Low Friction
Jharkhand,Simdega,24.123558574134943,Low Friction
Jharkhand,West Singhbhum,23.85897481294859,Low Friction
Karnataka,Bagalkot,23.14489105133098,Low Friction
Karnataka,Bagalkot *,25.715685363129076,Low Friction
Karnataka,Ballari,24.856832732667993,Low Friction
Karnataka,Bangalore,27.50664905396866,Low Friction
Karnataka,Bangalore Rural,22.018699623692818,Low Friction
Karnataka,Belagavi,22.871591388193387,Low Friction
Karnataka,Belgaum,22.836448459728068,Low Friction
Karnataka,Bellary,24.31436914820765,Low Friction
Karnataka,Bengaluru,22.116479288862983,Low Friction
Karnataka,Bengaluru Rural,6.603526772373062,Low Friction
Karnataka,Bengaluru South,6.862174431757488,Low Friction
Karnataka,Bengaluru Urban,5.4816661606031944,Low Friction
Karnataka,Bidar,24.015110798867376,Low Friction
Karnataka,Bijapur,23.062638974262008,Low Friction
Karnataka,Chamarajanagar,25.325522154882762,Low Friction
Karnataka,Chamarajanagar *,15.873092097060615,Low Friction
Karnataka,Chamrajanagar,26.48123197574692,Low Friction
Karnataka,Chamrajnagar,22.936924886568164,Low Friction
Karnataka,Chickmagalur,23.449997239801338,Low Friction
Karnataka,Chikkaballapur,21.436347772745457,Low Friction
Karnataka,Chikkamagaluru,22.62115005944021,Low Friction
Karnataka,Chikmagalur,23.808640212251227,Low Friction
Karnataka,Chitradurga,21.65145400548694,Low Friction
Karnataka,Dakshina Kannada,21.494621210151767,Low Friction
Karnataka,Davanagere,26.03389358803112,Low Friction
Karnataka,Davangere,27.386567051382148,Low Friction
Karnataka,Dharwad,24.49676890124552,Low Friction
Karnataka,Gadag,23.533919421160096,Low Friction
Karnataka,Gadag *,24.24409326215022,Low Friction
Karnataka,Gulbarga,23.73371339626631,Low Friction
Karnataka,Hasan,19.132501991852664,Low Friction
Karnataka,Hassan,21.199039127611005,Low Friction
Karnataka,Haveri,22.39237089270355,Low Friction
Karnataka,Haveri *,22.431813032115336,Low Friction
Karnataka,Kalaburagi,24.68510215507902,Low Friction
Karnataka,Kodagu,21.73520998869333,Low Friction
Karnataka,Kolar,22.555499323458477,Low Friction
Karnataka,Koppal,21.81006964160849,Low Friction
Karnataka,Mandya,22.37907857235488,Low Friction
Karnataka,Mysore,25.05984712748831,Low Friction
Karnataka,Mysuru,24.526934386997667,Low Friction
Karnataka,Raichur,24.97110146673833,Low Friction
Karnataka,Ramanagar,23.142455485849773,Low Friction
Karnataka,Ramanagara,5.481666160603195,Low Friction
Karnataka,Shimoga,22.55951676620945,Low Friction
Karnataka,Shivamogga,22.218956028578198,Low Friction
Karnataka,Tumakuru,23.524606319002626,Low Friction
Karnataka,Tumkur,24.572282068737618,Low Friction
Karnataka,Udupi,20.401052991325017,Low Friction
Karnataka,Uttara Kannada,20.49922946813145,Low Friction
Karnataka,Vijayanagara,22.031245601567054,Low Friction
Karnataka,Vijayapura,22.33571340308904,Low Friction
Karnataka,Yadgir,23.58482585970743,Low Friction
Kerala,Alappuzha,22.5997383510726,Low Friction
Kerala,Ernakulam,21.731350919750067,Low Friction
Kerala,Idukki,24.047454729175115,Low Friction
Kerala,Kannur,24.20418058155907,Low Friction
Kerala,Kasaragod,24.270417014013947,Low Friction
Kerala,Kasargod,23.92132276630963,Low Friction
Kerala,Kollam,21.811023917245777,Low Friction
Kerala,Kottayam,22.231567833272987,Low Friction
Kerala,Kozhikode,22.46399558794156,Low Friction
Kerala,Malappuram,20.825203871405616,Low Friction
Kerala,Palakkad,23.148595282096448,Low Friction
Kerala,Pathanamthitta,23.60068012713207,Low Friction
Kerala,Thiruvananthapuram,21.38319462987613,Low Friction
Kerala,Thrissur,24.54755326442786,Low Friction
Kerala,Wayanad,27.58326802165949,Low Friction
Ladakh,Kargil,19.00069748642433,Low Friction
Ladakh,Leh,17.30908481661065,Low Friction
Lakshadweep,Lakshadweep,27.295790619426214,Low Friction
Madhya Pradesh,Agar Malwa,24.863414956299717,Low Friction
Madhya Pradesh,Alirajpur,25.613470206497922,Low Friction
Madhya Pradesh,Anuppur,25.900737657437723,Low Friction
Madhya Pradesh,Ashok Nagar,25.94613252360898,Low Friction
Madhya Pradesh,Ashoknagar,5.481666160603195,Low Friction
Madhya Pradesh,Balaghat,25.10269821407797,Low Friction
Madhya Pradesh,Barwani,24.634993139684987,Low Friction
Madhya Pradesh,Betul,25.270541117679866,Low Friction
Madhya Pradesh,Bhind,23.53883769478915,Low Friction
Madhya Pradesh,Bhopal,25.40838308918285,Low Friction
Madhya Pradesh,Burhanpur,25.29634743011065,Low Friction
Madhya Pradesh,Chhatarpur,24.081716711447765,Low Friction
Madhya Pradesh,Chhindwara,25.43156421499478,Low Friction
Madhya Pradesh,Damoh,26.360615198939,Low Friction
Madhya Pradesh,Datia,23.20199733003145,Low Friction
Madhya Pradesh,Dewas,27.880920677989316,Low Friction
Madhya Pradesh,Dhar,22.41451438297279,Low Friction
Madhya Pradesh,Dindori,25.890059244058662,Low Friction
Madhya Pradesh,East Nimar,26.639811744697223,Low Friction
Madhya Pradesh,Guna,27.062568293735403,Low Friction
Madhya Pradesh,Gwalior,24.236088792241876,Low Friction
Madhya Pradesh,Harda,28.384382973625367,Low Friction
Madhya Pradesh,Harda *,30.496022383136864,Low Friction
Madhya Pradesh,Hoshangabad,29.395535200748252,Low Friction
Madhya Pradesh,Indore,23.386531606372525,Low Friction
Madhya Pradesh,Jabalpur,26.722561591914925,Low Friction
Madhya Pradesh,Jhabua,24.650612556090266,Low Friction
Madhya Pradesh,Katni,22.619206100920046,Low Friction
Madhya Pradesh,Khandwa,26.690742084315577,Low Friction
Madhya Pradesh,Khargone,26.47103003946918,Low Friction
Madhya Pradesh,Maihar,18.79542566720379,Low Friction
Madhya Pradesh,Mandla,21.2166396015721,Low Friction
Madhya Pradesh,Mandsaur,24.33773637466961,Low Friction
Madhya Pradesh,Mauganj,15.759754506562055,Low Friction
Madhya Pradesh,Morena,21.509065609453664,Low Friction
Madhya Pradesh,Narmadapuram,21.626895758823874,Low Friction
Madhya Pradesh,Narsimhapur,24.543718314817607,Low Friction
Madhya Pradesh,Narsinghpur,25.083446568459642,Low Friction
Madhya Pradesh,Neemuch,23.281212318831123,Low Friction
Madhya Pradesh,Niwari,22.64734910403699,Low Friction
Madhya Pradesh,Pandhurna,18.566978126881327,Low Friction
Madhya Pradesh,Panna,25.259414363035017,Low Friction
Madhya Pradesh,Raisen,25.599174989470633,Low Friction
Madhya Pradesh,Rajgarh,27.23350241722753,Low Friction
Madhya Pradesh,Ratlam,24.747280866370655,Low Friction
Madhya Pradesh,Rewa,24.653945742136948,Low Friction
Madhya Pradesh,Sagar,25.401725442555026,Low Friction
Madhya Pradesh,Satna,23.86145221467698,Low Friction
Madhya Pradesh,Sehore,25.973724012317295,Low Friction
Madhya Pradesh,Seoni,23.441482849338033,Low Friction
Madhya Pradesh,Shahdol,24.416304957772606,Low Friction
Madhya Pradesh,Shajapur,27.1911913394675,Low Friction
Madhya Pradesh,Sheopur,22.03958261745224,Low Friction
Madhya Pradesh,Shivpuri,25.197807887253642,Low Friction
Madhya Pradesh,Sidhi,22.98316899292201,Low Friction
Madhya Pradesh,Singrauli,22.95016275634136,Low Friction
Madhya Pradesh,Tikamgarh,25.197070130249678,Low Friction
Madhya Pradesh,Ujjain,24.3076100850995,Low Friction
Madhya Pradesh,Umaria,24.272289306365582,Low Friction
Madhya Pradesh,Vidisha,27.54173754079248,Low Friction
Madhya Pradesh,West Nimar,29.345833015076945,Low Friction
Maharashtra,Ahmadnagar,24.150374045024556,Low Friction
Maharashtra,Ahmed Nagar,25.591451400804193,Low Friction
Maharashtra,Ahmednagar,5.481666160603195,Low Friction
Maharashtra,Akola,28.33355831961344,Low Friction
Maharashtra,Amravati,26.001208677415086,Low Friction
Maharashtra,Aurangabad,25.467717465991253,Low Friction
Maharashtra,Beed,25.065884591282174,Low Friction
Maharashtra,Bhandara,26.51456342513698,Low Friction
Maharashtra,Bid,23.246857152864674,Low Friction
Maharashtra,Buldana,23.598925165640978,Low Friction
Maharashtra,Buldhana,25.668491176396603,Low Friction
Maharashtra,Chandrapur,23.371498471758784,Low Friction
Maharashtra,Chatrapati Sambhaji Nagar,23.996724434510327,Low Friction
Maharashtra,Chhatrapati Sambhajinagar,15.543017641093732,Low Friction
Maharashtra,Dharashiv,16.003531757599724,Low Friction
Maharashtra,Dhule,25.345788554339094,Low Friction
Maharashtra,Gadchiroli,26.863920161900538,Low Friction
Maharashtra,Gondia,19.8927453893895,Low Friction
Maharashtra,Gondiya,26.136892306218183,Low Friction
Maharashtra,Gondiya *,17.798498283862877,Low Friction
Maharashtra,Hingoli,23.4533125639836,Low Friction
Maharashtra,Hingoli *,5.481666160603195,Low Friction
Maharashtra,Jalgaon,25.172734203840836,Low Friction
Maharashtra,Jalna,26.302067914988967,Low Friction
Maharashtra,Kolhapur,24.610073211315996,Low Friction
Maharashtra,Latur,24.78749532148718,Low Friction
Maharashtra,Mumbai,25.368636919057696,Low Friction
Maharashtra,Mumbai City,19.03028024589336,Low Friction
Maharashtra,Mumbai Suburban,20.242899816489114,Low Friction
Maharashtra,Mumbai( Sub Urban ),21.318920503187762,Low Friction
Maharashtra,Nagpur,24.531287411735583,Low Friction
Maharashtra,Nanded,24.036060614043883,Low Friction
Maharashtra,Nandurbar,31.08252122122646,Low Friction
Maharashtra,Nandurbar *,29.313720133939693,Low Friction
Maharashtra,Nashik,24.5691272529754,Low Friction
Maharashtra,Osmanabad,23.047544021879556,Low Friction
Maharashtra,Palghar,22.015793942986598,Low Friction
Maharashtra,Parbhani,23.013527689781604,Low Friction
Maharashtra,Pune,22.65834715776555,Low Friction
Maharashtra,Raigad,15.741289102846395,Low Friction
Maharashtra,Raigarh,22.48552204125296,Low Friction
Maharashtra,Raigarh(Mh),19.973790092709518,Low Friction
Maharashtra,Ratnagiri,26.94284493580721,Low Friction
Maharashtra,Sangli,25.72120694562095,Low Friction
Maharashtra,Satara,25.34224616458524,Low Friction
Maharashtra,Sindhudurg,23.347828334250234,Low Friction
Maharashtra,Solapur,23.851442217627984,Low Friction
Maharashtra,Thane,22.995128931193253,Low Friction
Maharashtra,Wardha,28.663895198069508,Low Friction
Maharashtra,Washim,28.222717079034098,Low Friction
Maharashtra,Washim *,15.845014110814976,Low Friction
Maharashtra,Yavatmal,23.58705901013838,Low Friction
Manipur,Bishnupur,23.198924437058565,Low Friction
Manipur,Chandel,20.478520127082252,Low Friction
Manipur,Churachandpur,21.63028761170275,Low Friction
Manipur,Imphal East,22.858746679714287,Low Friction
Manipur,Imphal West,21.786595166873173,Low Friction
Manipur,Jiribam,25.829373335851223,Low Friction
Manipur,Kakching,20.347157726808806,Low Friction
Manipur,Pherzawl,7.731872612144729,Low Friction
Manipur,Senapati,20.30366488793928,Low Friction
Manipur,Tamenglong,21.864321223113354,Low Friction
Manipur,Thoubal,19.869978823464578,Low Friction
Manipur,Ukhrul,22.40459981672204,Low Friction
Meghalaya,East Garo Hills,17.795190020024304,Low Friction
Meghalaya,East Jaintia Hills,18.341821027552644,Low Friction
Meghalaya,East Khasi Hills,22.209923412367843,Low Friction
Meghalaya,Eastern West Khasi Hills,8.684784347577208,Low Friction
Meghalaya,Jaintia Hills,11.52708392058124,Low Friction
Meghalaya,Kamrup,5.481666160603195,Low Friction
Meghalaya,North Garo Hills,15.802945137829134,Low Friction
Meghalaya,Ri Bhoi,16.819999173670055,Low Friction
Meghalaya,South Garo Hills,17.22460451096387,Low Friction
Meghalaya,South West Garo Hills,17.434307527365583,Low Friction
Meghalaya,South West Khasi Hills,20.216135964427966,Low Friction
Meghalaya,West Garo Hills,24.08897570745822,Low Friction
Meghalaya,West Jaintia Hills,19.04615879019897,Low Friction
Meghalaya,West Khasi Hills,20.860463501238836,Low Friction
Mizoram,Aizawl,25.639498136049532,Low Friction
Mizoram,Champhai,27.84168717996648,Low Friction
Mizoram,Hnahthial,13.057068322638514,Low Friction
Mizoram,Khawzawl,15.91573565944385,Low Friction
Mizoram,Kolasib,22.32147550630527,Low Friction
Mizoram,Lawngtlai,26.507148550057334,Low Friction
Mizoram,Lunglei,22.494615918184152,Low Friction
Mizoram,Mamit,27.045914479476934,Low Friction
Mizoram,Mammit,12.718475343173843,Low Friction
Mizoram,Saiha,27.203873350958688,Low Friction
Mizoram,Saitual,23.786781033110756,Low Friction
Mizoram,Serchhip,30.157139942313876,Low Friction
Nagaland,Chumukedima,14.931456725540883,Low Friction
Nagaland,Dimapur,27.560217426125984,Low Friction
Nagaland,Kiphire,30.73122258696911,Low Friction
Nagaland,Kohima,30.41283636111581,Low Friction
Nagaland,Longleng,27.49286002746447,Low Friction
Nagaland,Meluri,28.565291379173033,Low Friction
Nagaland,Mokokchung,25.5171913834281,Low Friction
Nagaland,Mon,28.024017502955665,Low Friction
Nagaland,Niuland,13.888960145378784,Low Friction
Nagaland,Noklak,25.474461865991305,Low Friction
Nagaland,Peren,26.72820062791985,Low Friction
Nagaland,Phek,29.1780933922954,Low Friction
Nagaland,Shamator,22.188976002861768,Low Friction
Nagaland,Tseminyu,13.254848669107908,Low Friction
Nagaland,Tuensang,23.578663629118065,Low Friction
Nagaland,Wokha,30.12201282195433,Low Friction
Nagaland,Zunheboto,27.06690326051367,Low Friction
Odisha,Angul,26.423151879038606,Low Friction
Odisha,Anugul,23.849724871751704,Low Friction
Odisha,Balangir,25.649057630832715,Low Friction
Odisha,Baleshwar,23.76239617557239,Low Friction
Odisha,Baleswar,26.52945166629248,Low Friction
Odisha,Bargarh,25.399548259007094,Low Friction
Odisha,Baudh,27.890237690118227,Low Friction
Odisha,Bhadrak,26.00528737090768,Low Friction
Odisha,Boudh,27.088721321864003,Low Friction
Odisha,Cuttack,26.439914245921504,Low Friction
Odisha,Debagarh,25.929403302695643,Low Friction
Odisha,Dhenkanal,25.517304875639002,Low Friction
Odisha,Gajapati,27.348792996702922,Low Friction
Odisha,Ganjam,24.089480862565544,Low Friction
Odisha,Jagatsinghapur,27.763540748325127,Low Friction
Odisha,Jagatsinghpur,24.91632097554121,Low Friction
Odisha,Jajapur,24.10778048855589,Low Friction
Odisha,Jajpur,25.7297336530447,Low Friction
Odisha,Jharsuguda,25.040904212117407,Low Friction
Odisha,Kalahandi,24.409572302119617,Low Friction
Odisha,Kandhamal,25.615767341693754,Low Friction
Odisha,Kendrapara,25.813782869156558,Low Friction
Odisha,Kendujhar,23.921000776177696,Low Friction
Odisha,Khorda,26.34241630463126,Low Friction
Odisha,Khordha,25.427247959158567,Low Friction
Odisha,Koraput,26.46438333803319,Low Friction
Odisha,Malkangiri,25.02769648206836,Low Friction
Odisha,Mayurbhanj,24.436876351076464,Low Friction
Odisha,Nabarangapur,25.375164822250802,Low Friction
Odisha,Nabarangpur,5.481666160603195,Low Friction
Odisha,Nayagarh,28.58991091306997,Low Friction
Odisha,Nuapada,29.317777027015293,Low Friction
Odisha,Puri,26.014546348148205,Low Friction
Odisha,Rayagada,24.548158426538173,Low Friction
Odisha,Sambalpur,23.91671729749239,Low Friction
Odisha,Sonapur,25.711104298003665,Low Friction
Odisha,Subarnapur,23.446853565461648,Low Friction
Odisha,Sundargarh,23.70425740600446,Low Friction
Odisha,Sundergarh,25.729317666270422,Low Friction
Orissa,Anugul,19.92254001958689,Low Friction
Orissa,Balangir,23.797036697318195,Low Friction
Orissa,Baleshwar,24.24973914489396,Low Friction
Orissa,Baleswar,14.380106305069194,Low Friction
Orissa,Bargarh,26.350063161597603,Low Friction
Orissa,Bhadrak,24.15370071366654,Low Friction
Orissa,Cuttack,27.992852493130357,Low Friction
Orissa,Debagarh,5.481666160603195,Low Friction
Orissa,Dhenkanal,24.75419463090343,Low Friction
Orissa,Gajapati,19.581326027884053,Low Friction
Orissa,Ganjam,22.131106477453258,Low Friction
Orissa,Jagatsinghapur,30.23200506496601,Low Friction
Orissa,Jajapur,25.169431352266827,Low Friction
Orissa,Jharsuguda,18.040226759110656,Low Friction
Orissa,Kalahandi,10.664508413828756,Low Friction
Orissa,Kandhamal,24.52865491240802,Low Friction
Orissa,Kendrapara,21.76875364754617,Low Friction
Orissa,Kendujhar,21.347812863642304,Low Friction
Orissa,Khordha,26.848191773950596,Low Friction
Orissa,Koraput,23.929621891861444,Low Friction
Orissa,Malkangiri,25.820025762983967,Low Friction
Orissa,Mayurbhanj,19.828351077810623,Low Friction
Orissa,Nabarangapur,21.03235466294715,Low Friction
Orissa,Nayagarh,27.313963350046162,Low Friction
Orissa,Nuapada,5.481666160603195,Low Friction
Orissa,Puri,23.89487102199608,Low Friction
Orissa,Rayagada,26.16563948636256,Low Friction
Orissa,Sambalpur,19.28027188411354,Low Friction
Orissa,Sonapur,18.74039521295404,Low Friction
Orissa,Subarnapur,27.203717381386298,Low Friction
Orissa,Sundargarh,27.164491396717146,Low Friction
Orissa,Sundergarh,5.481666160603195,Low Friction
Pondicherry,Karaikal,28.690634606041144,Low Friction
Pondicherry,Pondicherry,29.616573494647227,Low Friction
Pondicherry,Yanam,19.705384274424066,Low Friction
Puducherry,Karaikal,29.204237611061426,Low Friction
Puducherry,Pondicherry,26.361565038394435,Low Friction
Puducherry,Puducherry,26.404326874050486,Low Friction
Puducherry,Yanam,27.85926649715469,Low Friction
Punjab,Amritsar,26.64957522600255,Low Friction
Punjab,Barnala,24.791157157398878,Low Friction
Punjab,Bathinda,25.19832585739476,Low Friction
Punjab,Faridkot,28.734819552186003,Low Friction
Punjab,Fatehgarh Sahib,26.085112704502706,Low Friction
Punjab,Fazilka,26.686185276494413,Low Friction
Punjab,Ferozepur,27.282193592667326,Low Friction
Punjab,Firozpur,22.26725667114677,Low Friction
Punjab,Gurdaspur,25.25403977722194,Low Friction
Punjab,Hoshiarpur,27.027524336968103,Low Friction
Punjab,Jalandhar,25.55721045214144,Low Friction
Punjab,Kapurthala,26.838583646110244,Low Friction
Punjab,Ludhiana,23.078486699067145,Low Friction
Punjab,Malerkotla,23.29042729700151,Low Friction
Punjab,Mansa,27.115609088265163,Low Friction
Punjab,Moga,27.097314477189897,Low Friction
Punjab,Muktsar,24.981209098818443,Low Friction
Punjab,Nawanshahr,22.81605756293645,Low Friction
Punjab,Pathankot,26.745496362702198,Low Friction
Punjab,Patiala,24.89520674923005,Low Friction
Punjab,Rupnagar,28.404094344303385,Low Friction
Punjab,S.A.S Nagar,5.481666160603195,Low Friction
Punjab,S.A.S Nagar(Mohali),21.746861279869844,Low Friction
Punjab,Sangrur,25.045173684911468,Low Friction
Punjab,Sas Nagar (Mohali),22.10189942258159,Low Friction
Punjab,Shaheed Bhagat Singh Nagar,27.63165007358725,Low Friction
Punjab,Sri Muktsar Sahib,25.665248679282158,Low Friction
Punjab,Tarn Taran,26.46465872663935,Low Friction
Rajasthan,Ajmer,26.72327020116547,Low Friction
Rajasthan,Alwar,27.461359535541327,Low Friction
Rajasthan,Banswara,26.38353559244427,Low Friction
Rajasthan,Baran,27.142982667722496,Low Friction
Rajasthan,Barmer,29.79138844533706,Low Friction
Rajasthan,Bharatpur,25.763493482434363,Low Friction
Rajasthan,Bhilwara,25.304634072889858,Low Friction
Rajasthan,Bikaner,28.08054205172892,Low Friction
Rajasthan,Bundi,27.041437365696854,Low Friction
Rajasthan,Chittaurgarh,22.82602822986191,Low Friction
Rajasthan,Chittorgarh,25.991102614839836,Low Friction
Rajasthan,Churu,29.05050926082362,Low Friction
Rajasthan,Dausa,29.93369100248559,Low Friction
Rajasthan,Deeg,20.416820232862573,Low Friction
Rajasthan,Dhaulpur,23.63508272417765,Low Friction
Rajasthan,Dholpur,26.878681509064265,Low Friction
Rajasthan,Dungarpur,25.825254943629524,Low Friction
Rajasthan,Ganganagar,26.98624132229299,Low Friction
Rajasthan,Hanumangarh,28.28244641955504,Low Friction
Rajasthan,Jaipur,26.03259692214668,Low Friction
Rajasthan,Jaisalmer,29.545646929198174,Low Friction
Rajasthan,Jalor,27.531154409935763,Low Friction
Rajasthan,Jalore,7.722924384042731,Low Friction
Rajasthan,Jhalawar,26.14444462384732,Low Friction
Rajasthan,Jhunjhunu,19.76193581032544,Low Friction
Rajasthan,Jhunjhunun,27.734773332082224,Low Friction
Rajasthan,Jodhpur,28.978891351099378,Low Friction
Rajasthan,Karauli,27.702969356154345,Low Friction
Rajasthan,Kota,25.846490549850653,Low Friction
Rajasthan,Nagaur,29.222599988003164,Low Friction
Rajasthan,Pali,28.22583773538957,Low Friction
Rajasthan,Pratapgarh,28.016970876214316,Low Friction
Rajasthan,Rajsamand,26.49143941802669,Low Friction
Rajasthan,Sawai Madhopur,28.152506880814716,Low Friction
Rajasthan,Sikar,27.587915579345022,Low Friction
Rajasthan,Sirohi,25.965862353455194,Low Friction
Rajasthan,Tonk,27.949889109339697,Low Friction
Rajasthan,Udaipur,25.607422378121292,Low Friction
Sikkim,East,20.652894729617977,Low Friction
Sikkim,East Sikkim,23.00624455737326,Low Friction
Sikkim,Mangan,7.737740199384451,Low Friction
Sikkim,Namchi,6.820210967738215,Low Friction
Sikkim,North,22.020765621844667,Low Friction
Sikkim,North Sikkim,24.114084348411602,Low Friction
Sikkim,South,20.267959748456338,Low Friction
Sikkim,South Sikkim,21.56226993328319,Low Friction
Sikkim,West,20.34441008962946,Low Friction
Sikkim,West Sikkim,21.888739333362548,Low Friction
Tamil Nadu,Ariyalur,23.91690510775656,Low Friction
Tamil Nadu,Chengalpattu,13.48235350988969,Low Friction
Tamil Nadu,Chennai,21.044397733423065,Low Friction
Tamil Nadu,Coimbatore,21.21170741643361,Low Friction
Tamil Nadu,Cuddalore,20.997321487804776,Low Friction
Tamil Nadu,Dharmapuri,22.121579122998558,Low Friction
Tamil Nadu,Dindigul,24.410918214240652,Low Friction
Tamil Nadu,Erode,22.09477573818139,Low Friction
Tamil Nadu,Kallakurichi,14.93346179080691,Low Friction
Tamil Nadu,Kancheepuram,20.72599986383705,Low Friction
Tamil Nadu,Kanchipuram,6.602309137727826,Low Friction
Tamil Nadu,Kanniyakumari,23.043914738456024,Low Friction
Tamil Nadu,Kanyakumari,23.540439433976417,Low Friction
Tamil Nadu,Karur,23.800793501090798,Low Friction
Tamil Nadu,Krishnagiri,22.54347564960138,Low Friction
Tamil Nadu,Madurai,21.973822448872003,Low Friction
Tamil Nadu,Mayiladuthurai,21.745670028074755,Low Friction
Tamil Nadu,Nagapattinam,20.16561761506429,Low Friction
Tamil Nadu,Namakkal,22.961317882148595,Low Friction
Tamil Nadu,Namakkal   *,5.481666160603195,Low Friction
Tamil Nadu,Perambalur,24.683555889162747,Low Friction
Tamil Nadu,Pudukkottai,21.62723265449601,Low Friction
Tamil Nadu,Ramanathapuram,23.42458800203997,Low Friction
Tamil Nadu,Ranipet,12.810910633931712,Low Friction
Tamil Nadu,Salem,22.17311821427935,Low Friction
Tamil Nadu,Sivaganga,24.24057680006739,Low Friction
Tamil Nadu,Tenkasi,18.95915550972237,Low Friction
Tamil Nadu,Thanjavur,21.754890399908035,Low Friction
Tamil Nadu,The Nilgiris,23.408902180406475,Low Friction
Tamil Nadu,Theni,20.90511488637588,Low Friction
Tamil Nadu,Thiruvallur,23.09180305282284,Low Friction
Tamil Nadu,Thiruvarur,20.470707139269663,Low Friction
Tamil Nadu,Thoothukkudi,21.463370553714224,Low Friction
Tamil Nadu,Tiruchirappalli,23.186775067836024,Low Friction
Tamil Nadu,Tirunelveli,23.499798835039147,Low Friction
Tamil Nadu,Tirupathur,7.176072351548629,Low Friction
Tamil Nadu,Tirupattur,19.256845274823124,Low Friction
Tamil Nadu,Tiruppur,22.799762222013303,Low Friction
Tamil Nadu,Tiruvallur,22.306006075806238,Low Friction
Tamil Nadu,Tiruvannamalai,21.282240759513247,Low Friction
Tamil Nadu,Tiruvarur,5.481666160603195,Low Friction
Tamil Nadu,Tuticorin,5.481666160603195,Low Friction
Tamil Nadu,Vellore,22.16451277592918,Low Friction
Tamil Nadu,Villupuram,23.034212459201946,Low Friction
Tamil Nadu,Viluppuram,21.232835356394485,Low Friction
Tamil Nadu,Virudhunagar,22.51994570921384,Low Friction
Telangana,Adilabad,24.480928909616996,Low Friction
Telangana,Bhadradri Kothagudem,17.67560603537221,Low Friction
Telangana,Hanumakonda,17.548951717808237,Low Friction
Telangana,Hyderabad,21.975776541634755,Low Friction
Telangana,Jagitial,17.075450527948416,Low Friction
Telangana,Jangaon,13.719977738114727,Low Friction
Telangana,Jangoan,17.29959901905875,Low Friction
Telangana,Jayashankar Bhupalpally,14.524654925425748,Low Friction
Telangana,Jogulamba Gadwal,17.011172025740528,Low Friction
Telangana,K.V. Rangareddy,22.724440692623226,Low Friction
Telangana,Kamareddy,18.37548676105428,Low Friction
Telangana,Karimnagar,22.763049959012523,Low Friction
Telangana,Khammam,20.3276414619625,Low Friction
Telangana,Komaram Bheem,14.87416445417776,Low Friction
Telangana,Mahabubabad,15.984293996580416,Low Friction
Telangana,Mahabubnagar,24.808593447099707,Low Friction
Telangana,Mancherial,15.883995375930505,Low Friction
Telangana,Medak,25.91009878832747,Low Friction
Telangana,Medchal Malkajgiri,5.481666160603195,Low Friction
Telangana,Medchal-Malkajgiri,15.572676604335083,Low Friction
Telangana,Medchal?Malkajgiri,5.481666160603195,Low Friction
Telangana,Medchal−Malkajgiri,25.72009280890859,Low Friction
Telangana,Mulugu,15.639777756126243,Low Friction
Telangana,Nagarkurnool,18.318658855407573,Low Friction
Telangana,Nalgonda,22.839941083908872,Low Friction
Telangana,Narayanpet,14.87082096423872,Low Friction
Telangana,Nirmal,16.977558071666067,Low Friction
Telangana,Nizamabad,23.809838382082486,Low Friction
Telangana,Peddapalli,20.964043884373975,Low Friction
Telangana,Rajanna Sircilla,19.826580248633764,Low Friction
Telangana,Ranga Reddy,5.481666160603195,Low Friction
Telangana,Rangareddy,17.67647912923002,Low Friction
Telangana,Sangareddy,18.6275458705058,Low Friction
Telangana,Siddipet,17.05168819800923,Low Friction
Telangana,Suryapet,16.84814230314071,Low Friction
Telangana,Vikarabad,13.470376957687193,Low Friction
Telangana,Wanaparthy,15.053369924641425,Low Friction
Telangana,Warangal,26.750796615115874,Low Friction
Telangana,Warangal (Urban),10.917139169439915,Low Friction
Telangana,Warangal Rural,16.76895080112311,Low Friction
Telangana,Warangal Urban,21.57132274637953,Low Friction
Telangana,Yadadri.,14.577260764221172,Low Friction
The Dadra And Nagar Haveli And Daman And Diu,Dadra And Nagar Haveli,5.481666160603195,Low Friction
Tripura,Dhalai,23.18718647485109,Low Friction
Tripura,Dhalai  *,20.251187860086823,Low Friction
Tripura,Gomati,22.21058783182409,Low Friction
Tripura,Khowai,21.542452422084846,Low Friction
Tripura,North Tripura,24.837171568696167,Low Friction
Tripura,Sepahijala,19.33677194601399,Low Friction
Tripura,South Tripura,23.16299615658986,Low Friction
Tripura,Unakoti,25.548351697365536,Low Friction
Tripura,West Tripura,21.217939992432473,Low Friction
Uttar Pradesh,Agra,20.670559060532362,Low Friction
Uttar Pradesh,Aligarh,19.67670480170824,Low Friction
Uttar Pradesh,Allahabad,21.50230289201295,Low Friction
Uttar Pradesh,Ambedkar Nagar,21.325658133008655,Low Friction
Uttar Pradesh,Amethi,20.329960836625332,Low Friction
Uttar Pradesh,Amroha,21.479147104435395,Low Friction
Uttar Pradesh,Auraiya,18.786338495107564,Low Friction
Uttar Pradesh,Ayodhya,16.610173714611765,Low Friction
Uttar Pradesh,Azamgarh,19.99968211623477,Low Friction
Uttar Pradesh,Baghpat,21.056115749154007,Low Friction
Uttar Pradesh,Bahraich,21.55398408593294,Low Friction
Uttar Pradesh,Ballia,20.80618100625749,Low Friction
Uttar Pradesh,Balrampur,19.26494623948722,Low Friction
Uttar Pradesh,Banda,21.69216872523432,Low Friction
Uttar Pradesh,Bara Banki,22.355771466120846,Low Friction
Uttar Pradesh,Barabanki,17.27969257701743,Low Friction
Uttar Pradesh,Bareilly,19.427581410552033,Low Friction
Uttar Pradesh,Basti,22.094138610886123,Low Friction
Uttar Pradesh,Bhadohi,19.480625639759886,Low Friction
Uttar Pradesh,Bijnor,20.401461519802105,Low Friction
Uttar Pradesh,Budaun,18.77544437656406,Low Friction
Uttar Pradesh,Bulandshahar,14.869986010064169,Low Friction
Uttar Pradesh,Bulandshahr,20.684105076986235,Low Friction
Uttar Pradesh,Chandauli,19.86122765484146,Low Friction
Uttar Pradesh,Chitrakoot,21.063248712546347,Low Friction
Uttar Pradesh,Deoria,20.86090202577532,Low Friction
Uttar Pradesh,Etah,20.136095182377005,Low Friction
Uttar Pradesh,Etawah,22.559287466532417,Low Friction
Uttar Pradesh,Faizabad,22.461448503611596,Low Friction
Uttar Pradesh,Farrukhabad,20.26140280634407,Low Friction
Uttar Pradesh,Fatehpur,21.395024129465426,Low Friction
Uttar Pradesh,Firozabad,18.87674161314754,Low Friction
Uttar Pradesh,Gautam Buddha Nagar,21.299019703435743,Low Friction
Uttar Pradesh,Ghaziabad,21.692735206225144,Low Friction
Uttar Pradesh,Ghazipur,21.43047276985255,Low Friction
Uttar Pradesh,Gonda,21.48726552589388,Low Friction
Uttar Pradesh,Gorakhpur,21.370135468000406,Low Friction
Uttar Pradesh,Hamirpur,20.379148682064056,Low Friction
Uttar Pradesh,Hapur,24.240770660644475,Low Friction
Uttar Pradesh,Hardoi,22.410351671384866,Low Friction
Uttar Pradesh,Hathras,21.409002425225676,Low Friction
Uttar Pradesh,Jalaun,21.89148369387912,Low Friction
Uttar Pradesh,Jaunpur,21.99672753908589,Low Friction
Uttar Pradesh,Jhansi,22.24141671978866,Low Friction
Uttar Pradesh,Jyotiba Phule Nagar,19.267804296271024,Low Friction
Uttar Pradesh,Kannauj,20.968301656792473,Low Friction
Uttar Pradesh,Kanpur Dehat,21.516729485217407,Low Friction
Uttar Pradesh,Kanpur Nagar,22.428911301311167,Low Friction
Uttar Pradesh,Kasganj,21.90359706116846,Low Friction
Uttar Pradesh,Kaushambi,22.52363479401007,Low Friction
Uttar Pradesh,Kheri,21.226509322103155,Low Friction
Uttar Pradesh,Kushi Nagar,5.481666160603195,Low Friction
Uttar Pradesh,Kushinagar,21.558574057617,Low Friction
Uttar Pradesh,Kushinagar *,11.82463744815728,Low Friction
Uttar Pradesh,Lalitpur,24.807915011964006,Low Friction
Uttar Pradesh,Lucknow,21.58074907719259,Low Friction
Uttar Pradesh,Maharajganj,20.919454022991697,Low Friction
Uttar Pradesh,Mahoba,23.275448421031953,Low Friction
Uttar Pradesh,Mahrajganj,10.680706928342316,Low Friction
Uttar Pradesh,Mainpuri,21.111461349817283,Low Friction
Uttar Pradesh,Mathura,21.820255560496644,Low Friction
Uttar Pradesh,Mau,20.89363024817925,Low Friction
Uttar Pradesh,Meerut,21.293543984680056,Low Friction
Uttar Pradesh,Mirzapur,21.86685210791081,Low Friction
Uttar Pradesh,Moradabad,21.37591283390394,Low Friction
Uttar Pradesh,Muzaffarnagar,21.26296043847748,Low Friction
Uttar Pradesh,Pilibhit,21.00801158729831,Low Friction
Uttar Pradesh,Pratapgarh,21.90787004126977,Low Friction
Uttar Pradesh,Prayagraj,18.056677566119358,Low Friction
Uttar Pradesh,Rae Bareli,19.881247731282432,Low Friction
Uttar Pradesh,Raebareli,5.481666160603195,Low Friction
Uttar Pradesh,Rampur,20.420829410229096,Low Friction
Uttar Pradesh,Saharanpur,22.34807241250168,Low Friction
Uttar Pradesh,Sambhal,20.054783432951204,Low Friction
Uttar Pradesh,Sant Kabir Nagar,20.940801074522167,Low Friction
Uttar Pradesh,Sant Ravidas Nagar,23.020005711436156,Low Friction
Uttar Pradesh,Sant Ravidas Nagar Bhadohi,24.981499025808503,Low Friction
Uttar Pradesh,Shahjahanpur,20.783116634123253,Low Friction
Uttar Pradesh,Shamli,22.8873327221487,Low Friction
Uttar Pradesh,Shravasti,5.481666160603195,Low Friction
Uttar Pradesh,Shrawasti,20.65973752921797,Low Friction
Uttar Pradesh,Siddharth Nagar,5.481666160603195,Low Friction
Uttar Pradesh,Siddharthnagar,19.926379492353195,Low Friction
Uttar Pradesh,Sitapur,21.932585416912517,Low Friction
Uttar Pradesh,Sonbhadra,22.737745065153174,Low Friction
Uttar Pradesh,Sultanpur,21.371516536442666,Low Friction
Uttar Pradesh,Unnao,21.043110139541525,Low Friction
Uttar Pradesh,Varanasi,21.614411223864746,Low Friction
Uttarakhand,Almora,24.707374907341407,Low Friction
Uttarakhand,Bageshwar,26.188345203710877,Low Friction
Uttarakhand,Chamoli,26.785630458729354,Low Friction
Uttarakhand,Champawat,26.035707350223422,Low Friction
Uttarakhand,Dehradun,27.277829894993772,Low Friction
Uttarakhand,Garhwal,20.041131547792236,Low Friction
Uttarakhand,Hardwar,19.250292360778232,Low Friction
Uttarakhand,Haridwar,21.15697263200837,Low Friction
Uttarakhand,Nainital,25.679959415811275,Low Friction
Uttarakhand,Pauri Garhwal,24.28950734117134,Low Friction
Uttarakhand,Pithoragarh,23.38410864172412,Low Friction
Uttarakhand,Rudraprayag,27.08177090652969,Low Friction
Uttarakhand,Tehri Garhwal,26.014468503027487,Low Friction
Uttarakhand,Udham Singh Nagar,22.952098097537835,Low Friction
Uttarakhand,Uttarkashi,23.54756345420587,Low Friction
West  Bengal,Hooghly,11.087550001408529,Low Friction
West Bangal,Hooghly,11.528525082359415,Low Friction
West Bangal,Howrah,20.655107041626124,Low Friction
West Bengal,24 Paraganas North,5.481666160603195,Low Friction
West Bengal,24 Paraganas South,5.481666160603195,Low Friction
West Bengal,Alipurduar,17.7492727460067,Low Friction
West Bengal,Bankura,18.726548583957722,Low Friction
West Bengal,Barddhaman,19.984057174758444,Low Friction
West Bengal,Bardhaman,17.91871675330992,Low Friction
West Bengal,Birbhum,19.611126405828706,Low Friction
West Bengal,Burdwan,5.481666160603195,Low Friction
West Bengal,Cooch Behar,15.655292923768233,Low Friction
West Bengal,Coochbehar,5.481666160603195,Low Friction
West Bengal,Dakshin Dinajpur,16.550244500637252,Low Friction
West Bengal,Darjeeling,18.225751715068842,Low Friction
West Bengal,Darjiling,15.592153605496211,Low Friction
West Bengal,Dinajpur Dakshin,5.481666160603195,Low Friction
West Bengal,Dinajpur Uttar,5.481666160603195,Low Friction
West Bengal,East Midnapore,19.525042277967326,Low Friction
West Bengal,East Midnapur,7.724152102618777,Low Friction
West Bengal,Haora,18.06263984724964,Low Friction
West Bengal,Hawrah,20.46818174306132,Low Friction
West Bengal,Hooghiy,7.730328510239539,Low Friction
West Bengal,Hooghly,19.372065130910002,Low Friction
West Bengal,Howrah,20.607916401489742,Low Friction
West Bengal,Hugli,14.594993353193892,Low Friction
West Bengal,Jalpaiguri,14.474839887599034,Low Friction
West Bengal,Jhargram,19.22715612610706,Low Friction
West Bengal,Kalimpong,17.181112014623427,Low Friction
West Bengal,Koch Bihar,12.805382339503362,Low Friction
West Bengal,Kolkata,18.884035032849336,Low Friction
West Bengal,Malda,17.562694081767226,Low Friction
West Bengal,Maldah,17.161954515499,Low Friction
West Bengal,Medinipur,22.243328902258348,Low Friction
West Bengal,Medinipur West,5.481666160603195,Low Friction
West Bengal,Murshidabad,18.46878379596504,Low Friction
West Bengal,Nadia,17.910859750790095,Low Friction
West Bengal,North 24 Parganas,18.606244587999544,Low Friction
West Bengal,North Dinajpur,13.833507951161371,Low Friction
West Bengal,North Twenty Four Parganas,17.74574605432939,Low Friction
West Bengal,Paschim Bardhaman,17.686645344200347,Low Friction
West Bengal,Paschim Medinipur,18.192427562362575,Low Friction
West Bengal,Purba Bardhaman,17.47681226538175,Low Friction
West Bengal,Purba Medinipur,22.04707948588723,Low Friction
West Bengal,Purulia,16.58981262060511,Low Friction
West Bengal,Puruliya,17.160797181947615,Low Friction
West Bengal,South 24 Pargana,10.690589180535532,Low Friction
West Bengal,South 24 Parganas,17.02142434513141,Low Friction
West Bengal,South Dinajpur,14.854000650390201,Low Friction
West Bengal,South Twenty Four Parganas,17.479506544264858,Low Friction
West Bengal,Uttar Dinajpur,15.954951815763215,Low Friction
West Bengal,West Medinipur,7.725387384142929,Low Friction
West Bengal,West Midnapore,17.114874791033216,Low Friction
Westbengal,Hooghly,10.160039533910371,Low Friction
